length,height,width,weight
1,10,30,12
3,2,7,20
5,6,16,12
9,22,62,14.66666667
9,22,62,14.66666667
9,22,62,14.66666667
9,22,62,14.66666667
9,22,62,14.66666667
9,22,62,14.66666667
9,22,62,14.66666667
9,22,62,14.66666667
9,22,62,14.66666667
9,22,62,14.66666667
9,22,62,14.66666667